{
    "image": [
        {
            "name": "4_Color_arm_t4.png",
            "world_landmark_nose": [
                0.03248514607548714,
                -0.643537163734436,
                -0.14579811692237854
            ],
            "world_landmark_left_eye": [
                0.04566137120127678,
                -0.6788698434829712,
                -0.13764776289463043
            ],
            "world_landmark_right_eye": [
                0.01921975240111351,
                -0.6775866746902466,
                -0.12481190264225006
            ],
            "world_landmark_mid_eye": [
                0.032440561801195145,
                -0.6782282590866089,
                -0.13122983276844025
            ],
            "world_landmark_left_wrist": [
                -0.2775057554244995,
                -0.3027802109718323,
                -0.20761798322200775
            ],
            "world_landmark_right_wrist": [
                -0.14704543352127075,
                -0.032759327441453934,
                0.0901399627327919
            ],
            "world_landmark_left_shoulder": [
                0.1284121721982956,
                -0.5032132267951965,
                -0.0913609117269516
            ],
            "world_landmark_right_shoulder": [
                -0.02651445008814335,
                -0.4967350363731384,
                0.11213453859090805
            ],
            "world_landmark_left_elbow": [
                -0.05839593708515167,
                -0.3597277104854584,
                -0.16009093821048737
            ],
            "world_landmark_right_elbow": [
                -0.06749800592660904,
                -0.23036503791809082,
                0.16967236995697021
            ],
            "ground_offset": 0.7933778166770935,
            "target": 4
        },
        {
            "name": "1_Color_arm_t1.png",
            "world_landmark_nose": [
                0.029389038681983948,
                -0.6739467978477478,
                -0.20121584832668304
            ],
            "world_landmark_left_eye": [
                0.040416400879621506,
                -0.7111342549324036,
                -0.18559831380844116
            ],
            "world_landmark_right_eye": [
                0.00845628697425127,
                -0.7087545990943909,
                -0.18254609405994415
            ],
            "world_landmark_mid_eye": [
                0.024436343926936388,
                -0.7099444270133972,
                -0.18407220393419266
            ],
            "world_landmark_left_wrist": [
                0.29175904393196106,
                -0.12213268876075745,
                -0.2673148810863495
            ],
            "world_landmark_right_wrist": [
                -0.19115987420082092,
                -0.014164559543132782,
                -0.029919585213065147
            ],
            "world_landmark_left_shoulder": [
                0.17684906721115112,
                -0.5092190504074097,
                -0.05492517352104187
            ],
            "world_landmark_right_shoulder": [
                -0.11797016859054565,
                -0.5135971307754517,
                0.0050979433581233025
            ],
            "world_landmark_left_elbow": [
                0.23282255232334137,
                -0.2971039414405823,
                -0.09539173543453217
            ],
            "world_landmark_right_elbow": [
                -0.14765669405460358,
                -0.25373557209968567,
                0.06256543844938278
            ],
            "ground_offset": 0.7820501327514648,
            "target": 1
        },
        {
            "name": "5_Color_arm_t4.png",
            "world_landmark_nose": [
                0.042761024087667465,
                -0.6556746363639832,
                -0.2596844732761383
            ],
            "world_landmark_left_eye": [
                0.05406472459435463,
                -0.6934255957603455,
                -0.242110013961792
            ],
            "world_landmark_right_eye": [
                0.02129245549440384,
                -0.6911540627479553,
                -0.2397967129945755
            ],
            "world_landmark_mid_eye": [
                0.037678590044379234,
                -0.6922898292541504,
                -0.24095336347818375
            ],
            "world_landmark_left_wrist": [
                0.20391522347927094,
                0.013322358950972557,
                -0.197547048330307
            ],
            "world_landmark_right_wrist": [
                -0.4815100133419037,
                -0.15734636783599854,
                -0.08843247592449188
            ],
            "world_landmark_left_shoulder": [
                0.2061091661453247,
                -0.46100860834121704,
                -0.10453560948371887
            ],
            "world_landmark_right_shoulder": [
                -0.1393277943134308,
                -0.5075562000274658,
                -0.06164277717471123
            ],
            "world_landmark_left_elbow": [
                0.2082863301038742,
                -0.21929766237735748,
                -0.09717991203069687
            ],
            "world_landmark_right_elbow": [
                -0.29914888739585876,
                -0.3289863169193268,
                -0.007898312993347645
            ],
            "ground_offset": 0.7986371517181396,
            "target": 4
        },
        {
            "name": "2_Color_t2.png",
            "world_landmark_nose": [
                0.025791961699724197,
                -0.5854688882827759,
                -0.3390684723854065
            ],
            "world_landmark_left_eye": [
                0.037324704229831696,
                -0.6284175515174866,
                -0.3320178687572479
            ],
            "world_landmark_right_eye": [
                0.004961984232068062,
                -0.624885618686676,
                -0.32961034774780273
            ],
            "world_landmark_mid_eye": [
                0.02114334423094988,
                -0.6266515851020813,
                -0.33081410825252533
            ],
            "world_landmark_left_wrist": [
                0.12617798149585724,
                0.018253207206726074,
                -0.15526100993156433
            ],
            "world_landmark_right_wrist": [
                -0.17711937427520752,
                0.010679465718567371,
                -0.11472051590681076
            ],
            "world_landmark_left_shoulder": [
                0.17887692153453827,
                -0.48406630754470825,
                -0.14191047847270966
            ],
            "world_landmark_right_shoulder": [
                -0.12453032284975052,
                -0.4963585138320923,
                -0.11205493658781052
            ],
            "world_landmark_left_elbow": [
                0.1343330293893814,
                -0.22155219316482544,
                -0.0959562435746193
            ],
            "world_landmark_right_elbow": [
                -0.1517181247472763,
                -0.234244704246521,
                -0.036368824541568756
            ],
            "ground_offset": 0.7875721454620361,
            "target": 2
        },
        {
            "name": "4_Color_t4.png",
            "world_landmark_nose": [
                -0.043638676404953,
                -0.6339669227600098,
                -0.16461142897605896
            ],
            "world_landmark_left_eye": [
                -0.034454070031642914,
                -0.6718268990516663,
                -0.17067278921604156
            ],
            "world_landmark_right_eye": [
                -0.05132780969142914,
                -0.6700471043586731,
                -0.14834505319595337
            ],