{
    "image": [
        {
            "name": [
                "4_right_n_1.png"
            ],
            "target": [
                4
            ],
            "vector_name": [
                "eye",
                "eyes ave.",
                "nose",
                "shoulder",
                "elbow"
            ],
            "x_diff": [
                0.407215861899084,
                0.43687464749328897,
                0.736130734003383,
                0.443638014903722,
                0.532086486259834
            ],
            "y_diff": [
                0.897215861899084,
                0.926874647493289,
                0.24613073400338303,
                0.933638014903722,
                1.022086486259834
            ],
            "dist": [
                0.8668918111787183,
                0.882616763808882,
                0.8459417223980888,
                0.5922291608766163,
                0.5322831530203446
            ]
        },
        {
            "name": [
                "2_left_n_1.png"
            ],
            "target": [
                2
            ],
            "vector_name": [
                "eye",
                "eyes ave.",
                "nose",
                "shoulder",
                "elbow"
            ],
            "x_diff": [
                0.14037115618197799,
                0.11868661895191901,
                0.11897342840716202,
                0.36702213826817404,
                0.320143926855716
            ],
            "y_diff": [
                0.489628843818022,
                0.511313381048081,
                0.5110265715928379,
                0.26297786173182597,
                0.309856073144284
            ],
            "dist": [
                0.141712603890519,
                0.12056249989110623,
                0.11901658474205712,
                0.47669823052839294,
                0.6993950765410466
            ]
        },
        {
            "name": [
                "4_left_n_1.png"
            ],
            "target": [
                4
            ],
            "vector_name": [
                "eye",
                "eyes ave.",
                "nose",
                "shoulder",
                "elbow"
            ],
            "x_diff": [
                0.23215095090159488,
                0.1926973385320101,
                0.29111258574783494,
                1.5953103988509818,
                3.72596795692293
            ],
            "y_diff": [
                0.7221509509015949,
                0.6826973385320101,
                0.7811125857478349,
                2.085310398850982,
                4.215967956922929
            ],
            "dist": [
                0.2684806959217627,
                0.22415081849493906,
                0.3231453252445436,
                1.6282325747162123,
                3.7777556081856067
            ]
        },
        {
            "name": [
                "3_left_n_1.png"
            ],
            "target": [
                3
            ],
            "vector_name": [
                "eye",
                "eyes ave.",
                "nose",
                "shoulder",
                "elbow"
            ],
            "x_diff": [
                0.03254932602375199,
                0.057113461996948,
                0.03298141624846096,
                0.40266358033205507,
                0.682912822960248
            ],
            "y_diff": [
                0.11745067397624803,
                0.09288653800305202,
                0.11701858375153906,
                0.5526635803320551,
                0.832912822960248
            ],
            "dist": [
                0.07591956946356741,
                0.0856125254149703,
                0.10130102631905992,
                0.4361405748822613,
                0.7563264544284716
            ]
        },
        {
            "name": [
                "1_left_y_1.png"
            ],
            "target": [
                1
            ],
            "vector_name": [
                "eye",
                "eyes ave.",
                "nose",
                "shoulder",
                "elbow"
            ],
            "x_diff": [
                0.42173183823498694,
                0.39164936389539096,
                0.37836872420980994,
                0.574179355627892,
                0.576334039902789
            ],
            "y_diff": [
                1.1882681617650133,
                1.218350636104609,
                1.2316312757901902,
                1.035820644372108,
                1.0336659600972111
            ],
            "dist": [
                0.4690907148638764,
                0.4439164775860521,
                0.4421236430113908,
                0.6357582049722309,
                0.9503945773119127
            ]
        },
        {
            "name": [
                "1_left_n_1.png"
            ],
            "target": [
                1
            ],
            "vector_name": [
                "eye",
                "eyes ave.",
                "nose",
                "shoulder",
                "elbow"
            ],
            "x_diff": [
                0.335683744953961,
                0.30790836972980096,
                0.28741849531848007,
                0.46428270411459005,
                0.4246967755251
            ],
            "y_diff": [
                1.2743162550460392,
                1.302091630270199,
                1.3225815046815201,
                1.14571729588541,
                1.1853032244749002
            ],
            "dist": [
                0.3698684532539983,
                0.3435838580589438,
                0.33602074678614635,
                0.5276171377483028,
                0.8019769478721467
            ]
        },
        {
            "name": [
                "3_left_y_1.png"
            ],
            "target": [
                3
            ],
            "vector_name": [
                "eye",
                "eyes ave.",
                "nose",
                "shoulder",
                "elbow"
            ],
            "x_diff": [
                0.292914425470449,
                0.313077833763533,
                0.305162505374865,
                0.13388987396592,
                0.595088767567835
            ],
            "y_diff": [
                0.14291442547044897,
                0.16307783376353296,
                0.15516250537486498,
                0.28388987396592,
                0.745088767567835
            ],
            "dist": [
                0.30136405078555656,
                0.31864454300323325,
                0.3145912923103306,
                0.14737940045420295,
                0.6112679351397184
            ]
        },
        {
            "name": [
                "4_left_y_1.png"
            ],
            "target": [
                4
            ],
            "vector_name": [
                "eye",
                "eyes ave.",
                "nose",
                "shoulder",
                "elbow"
            ],
            "x_diff": [
                0.20370665894278495,
                0.22591651692718095,
                0.17063524391047702,
                0.991156121199696,
                1.807260540473928
            ],
            "y_diff": [
                0.28629334105721504,
                0.26408348307281904,
                0.31936475608952297,
                1.481156121199696,
                2.297260540473928
            ],
            "dist": [
                0.30051381788121134,
                0.3392146239800005,
                0.3326536847214055,
                1.1327498544259924,
                2.034400073420452
            ]
        },
        {
            "name": [
                "2_left_y_1.png"
            ],
            "target": [
                2
            ],