{
    "image": [
        {
            "name": [
                "4_Color_arm_t4.png"
            ],
            "target": [
                4
            ],
            "vector_name": [
                "left_eye",
                "right_eye",
                "mid_eye_left",
                "mid_eye-right",
                "nose_to-left",
                "nose_to-right",
                "left_shoulder",
                "right_shoulder",
                "left_elbow",
                "right_elbow"
            ],
            "x_diff": [
                0.23215095090159488,
                0.671114442974305,
                0.1926973385320101,
                0.652928119481199,
                0.29111258574783494,
                0.96681562321294,
                1.5953103988509818,
                0.6693753588163189,
                3.72596795692293,
                0.5409972380762
            ],
            "y_diff": [
                0.7221509509015949,
                0.181114442974305,
                0.6826973385320101,
                0.162928119481199,
                0.7811125857478349,
                0.47681562321294,
                2.085310398850982,
                0.179375358816319,
                4.215967956922929,
                0.05099723807620005
            ],
            "dist": [
                0.2684806959217627,
                1.1630327978711166,
                0.22415081849493906,
                1.159766653012618,
                0.3231453252445436,
                1.1204154941789821,
                1.6282325747162123,
                0.9039576258395657,
                3.7777556081856067,
                0.6129980743497001
            ]
        },
        {
            "name": [
                "1_Color_arm_t1.png"
            ],
            "target": [
                1
            ],
            "vector_name": [
                "left_eye",
                "right_eye",
                "mid_eye_left",
                "mid_eye-right",
                "nose_to-left",
                "nose_to-right",
                "left_shoulder",
                "right_shoulder",
                "left_elbow",
                "right_elbow"
            ],
            "x_diff": [
                0.335683744953961,
                1.494710293446597,
                0.30790836972980096,
                1.514539701636385,
                0.28741849531848007,
                1.162555651748327,
                0.46428270411459005,
                1.3704514780957051,
                0.4246967755251,
                1.401367772100599
            ],
            "y_diff": [
                1.2743162550460392,
                0.11528970655340304,
                1.302091630270199,
                0.09546029836361503,
                1.3225815046815201,
                0.44744434825167306,
                1.14571729588541,
                0.23954852190429504,
                1.1853032244749002,
                0.208632227899401
            ],
            "dist": [
                0.3698684532539983,
                1.660799597868055,
                0.3435838580589438,
                1.6793604075555608,
                0.33602074678614635,
                1.253604704328403,
                0.5276171377483028,
                1.4482293180585295,
                0.8019769478721467,
                1.4141207607668822
            ]
        },
        {
            "name": [
                "5_Color_arm_t4.png"
            ],
            "target": [
                4
            ],
            "vector_name": [
                "left_eye",
                "right_eye",
                "mid_eye_left",
                "mid_eye-right",
                "nose_to-left",
                "nose_to-right",
                "left_shoulder",
                "right_shoulder",
                "left_elbow",
                "right_elbow"
            ],
            "x_diff": [
                1.437362841502338,
                0.407215861899084,
                1.457750386714806,
                0.43687464749328897,
                1.4623335497636611,
                0.736130734003383,
                1.249913360273481,
                0.443638014903722,
                1.2376573869147791,
                0.532086486259834
            ],
            "y_diff": [
                0.9473628415023381,
                0.897215861899084,
                0.9677503867148061,
                0.926874647493289,
                0.9723335497636612,
                0.24613073400338303,
                0.7599133602734811,
                0.933638014903722,
                0.7476573869147791,
                1.022086486259834
            ],
            "dist": [
                1.4966318449639375,
                0.8668918111787183,
                1.5158572795116927,
                0.882616763808882,
                1.527908363239626,
                0.8459417223980888,
                1.2646950045302845,
                0.5922291608766163,
                1.2377049556165314,
                0.5322831530203446
            ]
        },
        {
            "name": [
                "2_Color_t2.png"
            ],
            "target": [
                2
            ],
            "vector_name": [
                "left_eye",
                "right_eye",
                "mid_eye_left",
                "mid_eye-right",
                "nose_to-left",
                "nose_to-right",
                "left_shoulder",
                "right_shoulder",
                "left_elbow",
                "right_elbow"
            ],
            "x_diff": [
                0.146663577005003,
                0.8135696623706781,
                0.12494822657654397,
                0.834727844093287,
                0.12204053287392297,
                0.490606196745459,
                0.353277135460328,
                0.656342764652991,
                0.29281887472227197,
                0.656336311840909
            ],
            "y_diff": [
                0.483336422994997,
                0.18356966237067807,
                0.5050517734234561,
                0.20472784409328704,
                0.507959467126077,
                0.13939380325454098,
                0.276722864539672,
                0.026342764652991013,
                0.33718112527772803,
                0.02633631184090901
            ],
            "dist": [
                0.3500133703735514,
                0.9138190604868913,
                0.34059676315273163,
                0.933071511087044,
                0.36532886900842276,
                0.4922901085924989,
                0.3586896480766902,
                0.6673590359956524,
                0.31882883671203266,
                0.6732399490897996
            ]
        },
        {
            "name": [
                "4_Color_t4.png"
            ],
            "target": [
                4
            ],
            "vector_name": [
                "left_eye",
                "right_eye",
                "mid_eye_left",
                "mid_eye-right",
                "nose_to-left",
                "nose_to-right",
                "left_shoulder",
                "right_shoulder",
                "left_elbow",
                "right_elbow"
            ],
            "x_diff": [
                0.20370665894278495,
                0.028311775502730896,
                0.22591651692718095,
                0.04321345213099903,
                0.17063524391047702,
                0.762845429050022,
                0.991156121199696,
                0.29484877076970206,
                1.807260540473928,
                0.3464087086058769
            ],